Date,Age-0to17,Age-18to64,Age-65older,Race-AmericanIndianAlaskaNative,Race-Asian,Race-Black,Race-Hispanic,Race-Hawaiian,Race-White,Sex-Female,Sex-Male,Sex-Other
2020-03-28,0,12,25,0,0,0,0,0,0,14,22,0
2020-03-29,0,13,31,0,0,0,0,0,0,16,27,0
2020-03-30,0,17,37,0,0,0,0,0,0,21,33,0
2020-03-31,0,19,47,0,0,0,0,0,0,27,39,0
2020-04-01,0,20,59,0,0,0,0,0,0,32,47,0
2020-04-02,0,24,67,0,0,0,0,0,0,36,55,0
2020-04-03,0,35,84,0,0,0,0,0,0,47,70,0
2020-04-04,0,38,94,0,0,0,0,0,0,50,79,0
2020-04-05,0,41,106,0,0,0,0,0,0,53,91,0
2020-04-06,0,47,125,0,0,0,0,0,0,65,104,0
2020-04-07,0,56,143,0,0,0,0,0,0,77,118,0
2020-04-08,0,62,160,0,34,23,47,0,52,88,129,0
2020-04-09,0,70,170,0,38,26,54,0,56,95,140,0
2020-04-10,0,72,192,0,41,28,68,0,69,107,153,0
2020-04-11,0,78,218,0,46,34,80,0,82,125,167,0
2020-04-12,0,90,229,0,48,39,90,0,87,134,183,0
2020-04-13,0,99,254,0,52,47,105,0,92,147,207,0
2020-04-14,0,111,277,0,59,56,116,0,110,155,234,0
2020-04-15,0,120,320,0,67,65,132,0,121,173,268,0
2020-04-16,0,130,348,0,74,71,151,0,125,192,287,0
2020-04-17,0,149,404,0,85,80,183,0,142,227,347,0
2020-04-18,0,156,421,0,92,83,190,0,152,233,365,0
2020-04-19,0,159,434,0,95,87,196,0,155,238,376,0
2020-04-20,0,165,467,0,106,93,212,0,164,261,396,1
2020-04-21,0,180,515,0,119,102,242,0,177,294,429,1
2020-04-22,0,194,565,1,129,109,269,6,201,323,464,1
2020-04-23,0,202,607,1,143,115,295,6,231,339,499,1
2020-04-24,0,211,644,1,154,118,311,6,245,361,523,1
2020-04-25,0,216,657,1,158,119,322,6,249,365,537,1
2020-04-26,0,219,681,1,165,122,337,6,262,377,552,1
2020-04-27,0,236,717,1,175,129,361,6,275,402,585,1
2020-04-28,0,247,758,1,186,133,381,6,291,428,613,1
2020-04-29,0,258,793,1,195,135,402,6,301,450,637,1
2020-04-30,0,277,887,1,206,144,420,6,325,484,669,1
2020-05-01,0,277,909,1,211,144,434,6,338,501,689,1
2020-05-02,0,280,925,1,218,147,443,6,345,513,696,1
2020-05-03,0,284,948,1,226,149,453,6,351,528,708,1
2020-05-04,0,295,994,1,235,156,482,6,364,563,730,1
2020-05-05,0,308,1035,1,243,163,509,6,377,595,752,1
2020-05-06,0,315,1102,1,253,181,531,6,413,614,802,1
2020-05-07,0,325,1143,1,258,188,552,6,432,633,834,1
2020-05-08,0,333,1177,1,272,193,562,6,443,659,850,1
2020-05-09,0,336,1189,1,274,196,568,6,448,667,857,1
2020-05-10,0,341,1221,1,276,203,582,6,461,685,876,1
2020-05-11,0,349,1256,1,282,208,597,6,477,706,898,1
2020-05-12,0,359,1289,1,286,212,620,6,493,726,921,1
2020-05-13,0,371,1326,1,298,217,633,6,506,749,947,1
2020-05-14,0,376,1361,2,304,224,650,6,515,768,968,1
2020-05-15,0,385,1394,2,308,227,671,6,530,791,987,1
2020-05-16,0,390,1418,2,310,231,685,6,540,803,1004,1
2020-05-17,0,394,1437,2,314,232,691,6,547,811,1018,1
2020-05-18,0,415,1491,2,324,245,728,6,566,845,1059,1
2020-05-19,0,429,1524,2,332,250,750,6,583,867,1084,1
2020-05-20,0,440,1554,2,342,256,769,6,594,883,1109,1
2020-05-21,0,445,1579,2,348,257,784,6,602,900,1122,1
2020-05-22,0,453,1610,2,352,261,798,6,620,918,1143,1
2020-05-23,0,455,1620,2,354,261,807,6,622,922,1151,1
2020-05-24,0,458,1630,2,356,264,814,6,626,928,1158,1
2020-05-25,0,465,1649,2,362,270,825,6,629,938,1174,1
2020-05-26,0,482,1711,2,373,275,853,6,634,970,1218,1
2020-05-27,0,493,1748,2,379,278,873,6,649,997,1243,1
2020-05-28,0,509,1781,2,388,282,897,7,665,1018,1271,1
2020-05-29,0,517,1816,2,398,290,923,7,671,1037,1295,1
2020-05-30,0,526,1832,2,402,291,937,7,676,1047,1310,1
2020-05-31,0,532,1848,2,404,295,945,7,682,1055,1324,1
2020-06-01,0,550,1887,2,416,298,968,7,703,1083,1353,1
2020-06-02,0,555,1921,2,420,307,987,7,712,1097,1378,1
2020-06-03,0,572,1948,2,426,312,1007,7,720,1113,1406,1
2020-06-04,0,582,1971,2,445,313,1021,7,732,1127,1425,1
2020-06-05,0,600,2006,2,453,320,1050,8,745,1155,1450,1
2020-06-06,0,606,2021,2,458,323,1061,8,754,1167,1459,1
2020-06-07,0,607,2025,2,460,324,1065,8,755,1170,1461,1
2020-06-08,0,624,2063,2,463,330,1081,8,776,1191,1494,1
2020-06-09,0,654,2114,2,467,333,1119,8,796,1224,1542,1
2020-06-10,0,668,2145,2,473,337,1136,8,814,1247,1565,1
2020-06-11,0,669,2158,2,476,336,1148,10,818,1255,1571,1
2020-06-12,0,689,2194,3,482,340,1173,10,835,1280,1602,1
2020-06-13,0,694,2202,3,486,344,1181,10,842,1283,1612,1
2020-06-14,0,699,2216,3,487,346,1190,10,847,1290,1624,1
2020-06-15,0,708,2240,3,490,347,1206,10,852,1305,1640,1
2020-06-16,0,716,2262,3,495,349,1220,10,864,1315,1662,1
2020-06-17,0,724,2290,3,498,352,1232,10,878,1331,1682,1
2020-06-18,0,731,2319,3,503,355,1251,10,891,1342,1707,1
2020-06-19,0,740,2353,3,507,357,1278,10,904,1365,1727,1
2020-06-20,0,745,2356,3,507,358,1289,10,908,1366,1735,1
2020-06-21,0,749,2369,3,512,361,1294,10,910,1377,1740,1
2020-06-22,0,756,2396,5,518,366,1315,10,906,1387,1764,1
2020-06-23,0,761,2423,5,524,373,1328,10,917,1407,1776,1
2020-06-24,0,771,2456,5,527,379,1350,10,928,1430,1796,1
2020-06-25,0,775,2472,6,531,383,1360,10,928,1433,1813,1
2020-06-26,0,784,2501,9,544,386,1385,10,914,1445,1839,1
2020-06-27,0,789,2516,9,547,392,1392,10,918,1457,1847,1
2020-06-28,0,793,2533,9,550,394,1401,10,923,1466,1859,1
2020-06-29,0,804,2560,9,552,397,1425,10,932,1481,1882,1
2020-06-30,0,811,2581,9,553,401,1441,10,940,1493,1898,1
2020-07-01,0,823,2621,9,559,406,1464,11,952,1515,1928,1
2020-07-02,0,823,2621,9,559,406,1464,11,952,1515,1928,1
2020-07-03,0,823,2621,9,559,406,1464,11,952,1515,1928,1
2020-07-04,0,836,2642,9,562,409,1486,11,959,1530,1947,1
2020-07-05,0,849,2676,9,565,411,1514,11,970,1551,1973,1
2020-07-06,0,864,2704,9,570,412,1542,12,980,1570,1997,1
2020-07-07,0,891,2734,9,579,416,1587,12,993,1593,2031,1
2020-07-08,0,920,2769,9,578,419,1623,13,997,1616,2072,1
2020-07-09,0,937,2799,9,581,424,1661,14,1001,1634,2101,1
2020-07-10,0,951,2837,9,584,431,1687,14,1011,1655,2132,1
2020-07-11,0,953,2849,9,586,434,1698,14,1018,1662,2139,1
2020-07-12,0,953,2862,9,587,434,1703,15,1021,1665,2148,1
2020-07-13,0,973,2912,9,594,438,1738,15,1041,1694,2190,1
2020-07-14,0,985,2933,9,601,441,1760,16,1047,1704,2212,2
2020-07-15,0,1005,2967,9,606,445,1796,17,1048,1725,2245,2
2020-07-16,0,1020,3010,9,614,448,1835,17,1057,1748,2280,2
2020-07-17,0,1031,3035,9,614,459,1860,17,1070,1761,2303,2
2020-07-18,0,1039,3056,9,614,460,1865,17,1075,1779,2314,2
2020-07-19,0,1042,3062,9,614,460,1868,17,1081,1782,2320,2
2020-07-20,0,1046,3097,10,618,463,1898,17,1088,1801,2351,2
2020-07-21,0,1046,3137,10,628,469,1937,17,1101,1821,2389,2
2020-07-22,0,1046,3168,10,637,473,1964,17,1107,1836,2422,2
2020-07-23,0,1051,3168,10,643,478,1988,17,1109,1853,2443,2
2020-07-24,0,1051,3168,10,646,483,2020,17,1116,1872,2475,2
2020-07-25,0,1051,3168,10,646,487,2020,17,1119,1876,2478,2
2020-07-26,0,1051,3168,10,649,487,2024,17,1126,1887,2482,2
2020-07-27,0,1051,3346,10,656,490,2058,17,1132,1908,2512,2
2020-07-28,0,1075,3402,10,670,497,2115,17,1130,1944,2556,2
2020-07-29,0,1083,3433,10,677,501,2135,17,1155,1965,2574,2
2020-07-30,0,1102,3476,10,688,508,2178,16,1164,1991,2611,2
2020-07-31,0,1121,3506,10,692,516,2204,16,1173,2010,2639,2
2020-08-01,0,1131,3519,10,696,519,2217,16,1175,2017,2655,2
2020-08-02,0,1134,3524,10,696,520,2223,16,1177,2020,2661,2
2020-08-03,0,1150,3564,10,703,526,2262,16,1182,2039,2698,2
2020-08-04,0,1168,3609,10,717,531,2301,16,1192,2060,2740,2
2020-08-05,0,1188,3635,10,724,534,2331,16,1202,2073,2773,2
2020-08-06,0,1200,3672,10,732,534,2358,16,1214,2091,2804,2
2020-08-07,0,1216,3704,10,742,538,2387,16,1221,2106,2836,2
2020-08-08,0,1221,3709,10,744,538,2395,16,1222,2112,2840,2
2020-08-09,0,1228,3721,10,744,540,2407,16,1226,2120,2851,2
2020-08-10,0,1242,3766,10,755,542,2440,16,1239,2143,2886,2
2020-08-11,0,1253,3804,10,765,544,2475,16,1249,2166,2913,2
2020-08-12,0,1267,3851,10,772,547,2513,16,1261,2199,2940,2
2020-08-13,0,1278,3882,10,777,552,2539,16,1270,2217,2965,2
2020-08-14,0,1293,3897,10,778,552,2562,16,1273,2230,2982,2
2020-08-15,0,1294,3904,10,779,553,2567,16,1276,2234,2986,2
2020-08-16,0,1301,3916,10,784,554,2576,16,1281,2238,3001,2
2020-08-17,0,1319,3960,10,797,559,2603,16,1295,2256,3045,2
2020-08-18,0,1328,4000,10,803,568,2634,16,1308,2282,3068,2
2020-08-19,0,1342,4039,10,808,575,2665,16,1321,2307,3096,2
2020-08-20,0,1354,4071,10,810,581,2690,16,1332,2327,3120,2
2020-08-21,0,1394,4135,10,816,583,2719,16,1343,2348,3144,2
2020-08-22,0,1399,4138,10,817,583,2726,16,1343,2351,3149,2
2020-08-23,0,1401,4149,10,818,583,2734,16,1348,2358,3155,2
2020-08-24,0,1413,4184,10,821,585,2764,16,1361,2382,3176,2
2020-08-25,0,1428,4227,10,832,589,2799,16,1375,2403,3208,2
2020-08-26,0,1438,4255,10,839,592,2819,16,1382,2422,3226,2
2020-08-27,0,1441,4283,10,845,597,2831,16,1388,2432,3247,2
2020-08-28,0,1450,4301,10,848,597,2850,16,1390,2446,3257,2
2020-08-29,0,1453,4308,10,849,597,2857,16,1392,2449,3260,2
2020-08-30,0,1459,4317,10,849,599,2865,16,1398,2455,3269,2
2020-08-31,0,1471,4350,10,856,600,2888,16,1409,2476,3293,2
2020-09-01,0,1484,4379,10,865,605,2912,16,1413,2488,3322,2
2020-09-02,0,1496,4427,10,874,606,2939,16,1436,2511,3354,2
2020-09-03,0,1516,4457,10,879,609,2969,16,1447,2529,3381,2
2020-09-04,0,1523,4473,10,881,610,2984,16,1454,2537,3392,2
2020-09-05,0,1524,4477,10,882,610,2987,16,1455,2539,3395,2
2020-09-06,0,1531,4494,10,884,612,3003,16,1455,2549,3410,2
2020-09-07,0,1534,4498,10,885,613,3009,16,1455,2554,3411,2
2020-09-08,0,1559,4527,10,888,621,3038,16,1463,2580,3439,2
2020-09-09,0,1572,4552,10,891,626,3058,18,1468,2602,3455,2
2020-09-10,0,1582,4582,10,899,627,3075,18,1483,2623,3474,2
2020-09-11,0,1588,4604,11,900,632,3092,18,1488,2634,3486,2
2020-09-12,0,1591,4613,11,901,633,3100,18,1491,2639,3491,2
2020-09-13,0,1601,4626,11,902,630,3117,18,1500,2655,3498,2
2020-09-14,0,1610,4659,11,905,633,3143,19,1507,2674,3521,2
2020-09-15,0,1619,4680,11,911,637,3155,19,1514,2688,3535,2
2020-09-16,0,1630,4687,11,915,635,3174,19,1517,2698,3544,2
2020-09-17,0,1638,4688,11,918,635,3182,20,1510,2702,3546,2
2020-09-18,0,1641,4696,11,918,637,3179,21,1508,2702,3546,2
2020-09-19,0,1645,4704,11,920,642,3188,21,1514,2711,3559,2
2020-09-20,0,1649,4713,11,923,643,3194,21,1517,2721,3562,2
2020-09-21,0,1658,4738,12,928,648,3209,21,1523,2736,3582,2
2020-09-22,0,1665,4753,12,929,649,3226,21,1530,2746,3594,2
2020-09-23,0,1678,4772,12,935,654,3242,21,1537,2762,3608,2
2020-09-24,0,1686,4794,12,938,656,3258,21,1547,2780,3620,2
2020-09-25,0,1690,4809,12,944,659,3262,21,1552,2784,3630,2
2020-09-26,0,1691,4818,12,945,659,3267,21,1556,2788,3636,2
2020-09-27,0,1691,4819,12,945,659,3266,21,1558,2790,3637,2
2020-09-28,0,1696,4850,12,948,661,3285,21,1567,2808,3655,2
2020-09-29,0,1703,4867,12,951,665,3308,21,1563,2819,3667,2
2020-09-30,0,1713,4892,12,955,668,3327,21,1573,2826,3695,2
2020-10-01,0,1721,4901,12,959,670,3340,21,1573,2834,3700,2
2020-10-02,0,1721,4915,12,961,675,3343,21,1573,2840,3710,2
2020-10-03,0,1722,4919,12,962,675,3348,21,1574,2842,3713,2
2020-10-04,0,1726,4923,12,962,675,3351,21,1576,2845,3717,2
2020-10-05,0,1733,4944,12,965,675,3367,21,1582,2856,3734,2
2020-10-06,0,1740,4964,12,969,676,3380,21,1592,2865,3752,2
2020-10-07,0,1745,4976,12,972,677,3390,21,1595,2869,3765,2
2020-10-08,0,1746,4990,12,972,677,3396,21,1602,2875,3774,2
2020-10-09,0,1754,5008,12,974,679,3410,21,1611,2884,3792,2
2020-10-10,0,1757,5008,12,974,678,3410,21,1614,2884,3794,2
2020-10-11,0,1757,5010,12,974,678,3411,21,1614,2885,3795,2
2020-10-12,0,1758,5026,12,975,678,3420,21,1622,2894,3803,2
2020-10-13,0,1764,5041,12,979,678,3431,21,1627,2900,3816,2
2020-10-14,0,1770,5057,12,980,679,3440,21,1636,2906,3831,2
2020-10-15,0,1773,5075,12,986,681,3449,21,1640,2919,3839,2
2020-10-16,0,1775,5081,12,986,680,3457,21,1644,2925,3840,2
2020-10-17,0,1777,5092,12,987,680,3466,21,1647,2933,3845,2
2020-10-18,0,1777,5093,12,988,680,3466,21,1647,2933,3846,2
2020-10-19,0,1784,5121,12,990,685,3485,21,1652,2947,3867,2
2020-10-20,0,1787,5150,13,994,690,3504,21,1659,2958,3888,2
2020-10-21,0,1789,5162,14,995,690,3512,21,1664,2965,3893,2
2020-10-22,0,1794,5176,15,1000,690,3522,21,1666,2970,3906,2
2020-10-23,0,1800,5185,15,1002,689,3531,21,1668,2976,3915,2
2020-10-24,0,1801,5188,15,1003,689,3533,21,1668,2977,3918,2
2020-10-25,0,1802,5194,15,1003,689,3536,21,1670,2979,3922,2
2020-10-26,0,1809,5214,15,1003,692,3555,21,1676,2984,3945,2
2020-10-27,0,1816,5220,15,1003,695,3558,21,1685,2989,3952,3
2020-10-28,0,1817,5223,15,1005,696,3563,21,1685,2987,3954,3
2020-10-29,0,1826,5226,16,1006,697,3575,21,1685,2988,3966,3
2020-10-30,0,1828,5239,16,1009,698,3580,21,1685,2995,3973,3
2020-10-31,0,1828,5242,16,1009,698,3582,21,1686,2996,3975,3
2020-11-01,0,1828,5244,16,1009,698,3582,21,1688,2997,3976,3
2020-11-02,0,1832,5262,16,1010,700,3590,21,1694,3006,3988,3
2020-11-03,0,1836,5277,16,1012,700,3599,21,1702,3016,3998,3
2020-11-04,0,1844,5292,16,1014,701,3612,21,1709,3028,4008,3
2020-11-05,0,1849,5304,16,1014,704,3621,21,1715,3037,4016,3
2020-11-06,0,1853,5313,16,1015,704,3628,21,1719,3041,4024,3
2020-11-07,0,1853,5315,16,1015,705,3630,21,1719,3041,4026,3
2020-11-08,0,1855,5318,16,1015,706,3632,21,1720,3044,4028,3
2020-11-09,0,1863,5333,16,1015,708,3644,21,1727,3055,4040,3
2020-11-10,0,1869,5343,16,1016,708,3662,21,1728,3061,4048,3
2020-11-11,0,1871,5346,16,1017,708,3666,21,1729,3062,4050,3
2020-11-12,0,1880,5362,16,1020,709,3680,21,1736,3071,4066,3
2020-11-13,0,1885,5377,16,1020,711,3691,21,1739,3078,4078,3
2020-11-14,0,1887,5378,16,1020,712,3691,21,1741,3080,4079,3
2020-11-15,0,1887,5384,16,1020,713,3692,21,1742,3082,4083,3
2020-11-16,0,1897,5398,17,1025,713,3708,21,1743,3090,4099,3
2020-11-17,0,1907,5424,17,1029,715,3727,21,1753,3111,4114,3
2020-11-18,0,1914,5445,17,1036,717,3749,21,1754,3117,4134,3
2020-11-19,0,1921,5471,17,1039,724,3760,21,1768,3132,4151,3
2020-11-20,0,1924,5501,17,1042,727,3777,21,1780,3143,4172,3
2020-11-21,0,1928,5506,17,1043,726,3781,21,1782,3145,4179,3
2020-11-22,0,1929,5513,17,1043,728,3785,21,1784,3150,4182,3
2020-11-23,0,1942,5551,17,1049,729,3815,22,1795,3177,4206,3
2020-11-24,0,1954,5585,17,1054,733,3839,22,1809,3194,4231,3
2020-11-25,0,1963,5613,17,1060,734,3860,22,1819,3208,4253,3
2020-11-26,0,1968,5632,17,1062,737,3871,22,1824,3220,4266,3
2020-11-27,0,1973,5646,17,1065,737,3882,23,1827,3225,4280,3
2020-11-28,0,1976,5659,17,1069,740,3886,23,1832,3234,4287,3
2020-11-29,0,1978,5673,17,1072,741,3891,23,1840,3242,4295,3
2020-11-30,0,1991,5704,17,1078,744,3917,23,1847,3263,4318,3
2020-12-01,0,1999,5734,17,1082,745,3933,23,1860,3285,4334,3
2020-12-02,0,2010,5768,17,1082,750,3966,24,1869,3301,4358,3
2020-12-03,0,2028,5810,17,1091,753,4003,24,1881,3326,4389,3
2020-12-04,0,2042,5840,17,1100,760,4014,24,1896,3346,4414,3
2020-12-05,0,2048,5857,17,1103,761,4030,24,1901,3354,4429,3
2020-12-06,0,2054,5878,17,1113,762,4040,24,1906,3362,4448,3
2020-12-07,0,2071,5924,17,1129,769,4063,25,1918,3391,4483,3
2020-12-08,0,2096,5975,17,1138,774,4104,25,1936,3413,4531,3
2020-12-09,1,2115,6029,17,1151,782,4134,25,1955,3438,4579,3
2020-12-10,1,2127,6067,17,1157,786,4165,26,1963,3458,4607,3
2020-12-11,1,2145,6119,17,1168,787,4209,25,1977,3484,4649,3
2020-12-12,1,2150,6143,17,1173,789,4220,25,1988,3494,4665,3
2020-12-13,1,2166,6174,18,1178,796,4246,25,1993,3511,4695,3
2020-12-14,1,2185,6241,18,1194,800,4291,25,2011,3551,4741,3
2020-12-15,1,2222,6334,18,1207,808,4352,26,2049,3604,4818,3
2020-12-16,1,2255,6404,18,1220,816,4408,28,2068,3644,4870,3
2020-12-17,1,2279,6469,18,1227,824,4457,28,2093,3684,4916,3
2020-12-18,1,2290,6517,18,1242,828,4481,29,2108,3711,4946,3
2020-12-19,1,2305,6565,18,1248,834,4513,29,2128,3731,4979,3
2020-12-20,1,2305,6565,18,1248,834,4513,29,2128,3731,4979,3
2020-12-21,1,2320,6606,18,1251,839,4545,30,2138,3746,5019,3
2020-12-22,1,2342,6665,18,1258,839,4597,31,2155,3786,5061,3
2020-12-23,1,2418,6874,19,1296,858,4743,33,2224,3903,5210,3
2020-12-24,1,2418,6874,19,1296,858,4743,33,2224,3903,5210,3
2020-12-25,1,2451,6974,19,1318,867,4799,34,2263,3960,5285,3
2020-12-26,1,2466,7009,19,1324,870,4827,34,2276,3971,5316,3
2020-12-27,1,2485,7061,19,1336,874,4858,34,2288,4003,5354,3
2020-12-28,1,2543,7220,19,1367,887,4961,35,2346,4095,5480,3
2020-12-29,1,2599,7414,20,1400,903,5095,37,2403,4210,5615,3
2020-12-30,1,2656,7634,20,1435,931,5228,39,2463,4324,5777,3
2020-12-31,1,2717,7782,21,1458,950,5326,42,2518,4405,5903,3
2021-01-01,1,2747,7880,21,1471,966,5379,43,2556,4459,5976,3
2021-01-02,1,2784,7982,21,1489,977,5454,43,2579,4498,6022,3
2021-01-03,1,2810,8033,21,1494,984,5502,43,2593,4530,6067,3
2021-01-04,1,2877,8185,21,1519,993,5612,44,2656,4626,6190,3
2021-01-05,1,2939,8360,22,1557,1007,5737,46,2705,4722,6332,3
2021-01-06,1,2988,8509,22,1580,1017,5828,49,2758,4803,6447,3
2021-01-07,1,3087,8768,22,1622,1047,6001,54,2842,4940,6623,3
2021-01-08,1,3152,8915,22,1649,1061,6111,55,2887,5033,6742,3
2021-01-09,1,3199,9029,22,1672,1076,6197,56,2908,5101,6833,3
2021-01-10,1,3231,9132,22,1693,1085,6260,56,2944,5150,6918,3
2021-01-11,1,3311,9337,23,1731,1107,6397,59,3019,5259,7095,3
2021-01-12,1,3383,9514,23,1770,1125,6525,60,3069,5343,7259,3
2021-01-13,1,3457,9769,24,1812,1158,6678,61,3155,5453,7426,3
2021-01-14,1,3530,9941,24,1838,1179,6801,63,3213,5548,7573,3
2021-01-15,1,3595,10113,24,1864,1199,6930,63,3264,5629,7727,4
2021-01-16,1,3640,10195,25,1882,1207,6997,63,3288,5658,7788,4
2021-01-17,1,3669,10258,25,1887,1212,7051,63,3306,5688,7850,4
2021-01-18,2,3728,10379,25,1904,1229,7126,64,3360,5762,7953,4
2021-01-19,2,3808,10565,26,1930,1240,7280,67,3419,5867,8114,4
2021-01-20,2,3886,10746,26,1946,1266,7402,69,3486,5953,8258,4
2021-01-21,2,3937,10927,26,1971,1276,7524,71,3552,6043,8400,4
2021-01-22,2,4030,11084,26,1992,1291,7684,72,3599,6132,8560,4
2021-01-23,2,4045,11145,26,2001,1297,7722,73,3614,6157,8611,4
2021-01-24,2,4055,11174,26,2003,1300,7748,73,3621,6169,8640,4
2021-01-25,2,4144,11364,27,2028,1320,7916,76,3668,6284,8804,4
2021-01-26,2,4221,11570,29,2064,1340,8062,78,3733,6395,8975,4
2021-01-27,2,4316,11781,29,2102,1362,8209,83,3805,6495,9109,3
2021-01-28,2,4390,11912,29,2117,1378,8331,83,3847,6568,9242,3
2021-01-29,2,4484,12112,30,2154,1396,8506,83,3902,6695,9409,3
2021-01-30,2,4536,12225,30,2179,1408,8596,83,3944,6750,9485,3
2021-01-31,2,4560,12285,30,2186,1411,8649,83,3963,6781,9538,3
2021-02-01,2,4629,12416,30,2211,1423,8752,83,4011,6850,9668,3
2021-02-02,2,4703,12573,32,2231,1439,8875,83,4069,6942,9807,3
2021-02-03,2,4778,12752,33,2264,1457,9004,83,4131,7032,9943,3
2021-02-04,2,4834,12904,34,2281,1468,9136,83,4174,7116,10067,3
2021-02-05,2,4873,13048,34,2297,1475,9250,83,4211,7186,10180,3
2021-02-06,2,4898,13108,34,2306,1483,9297,83,4231,7220,10230,3
2021-02-07,2,4925,13169,34,2315,1493,9346,83,4248,7252,10286,3
2021-02-08,2,4979,13331,35,2355,1511,9457,83,4286,7336,10417,3
2021-02-09,2,5021,13422,35,2371,1521,9523,83,4318,7391,10495,3
2021-02-10,2,5082,13568,35,2394,1538,9638,83,4359,7461,10587,3
2021-02-11,2,5121,13660,36,2413,1543,9713,83,4388,7752,11008,3
2021-02-12,2,5171,13790,36,2436,1552,9820,83,4424,7827,11113,3
2021-02-13,2,5202,13854,36,2451,1559,9876,83,4444,7852,11160,3
2021-02-14,2,5211,13876,36,2454,1560,9895,83,4451,7866,11177,3
2021-02-15,2,5247,13960,36,2476,1567,9962,83,4472,7910,11253,3
2021-02-16,2,5297,14061,36,2495,1574,10045,83,4509,7964,11351,3
2021-02-17,2,5339,14153,36,2509,1583,10116,83,4541,8010,11439,3
2021-02-18,2,5380,14248,36,2530,1590,10180,83,4578,8061,11525,3
2021-02-19,2,5411,14341,36,2551,1600,10240,83,4614,8110,11598,3
2021-02-20,2,5453,14415,36,2571,1609,10277,83,4652,8145,11647,3
2021-02-21,2,5463,14424,36,2574,1609,10285,83,4659,8151,11660,3
2021-02-22,2,5511,14538,36,2589,1623,10377,83,4692,8228,11746,3
2021-02-23,2,5549,14615,37,2725,1694,10807,83,4962,8639,12251,3
2021-02-24,2,5760,15312,37,2731,1703,10871,83,4990,8685,12312,3
2021-02-25,2,5807,15400,37,2746,1708,10962,83,5017,8743,12389,3
2021-02-26,2,5830,15466,37,2757,1720,11005,83,5037,8772,12449,3
2021-02-27,2,5868,15560,37,2776,1735,11073,83,5056,8803,12519,3
2021-02-28,2,5876,15584,37,2779,1738,11089,83,5065,8818,12536,3
2021-03-01,2,5901,15646,36,2793,1744,11130,83,5094,8852,12590,3
2021-03-02,2,5929,15718,36,2798,1746,11192,83,5120,8904,12645,3
2021-03-03,2,5954,15795,37,2811,1749,11248,83,5146,8945,12706,3
2021-03-04,2,6003,15900,40,2828,1767,11322,83,5186,9006,12778,3
2021-03-05,2,6030,15970,40,2834,1776,11377,83,5208,9042,12837,3
2021-03-06,2,6036,15978,40,2836,1778,11382,83,5214,9049,12844,3
2021-03-07,2,6044,15982,40,2837,1779,11391,83,5216,9053,12852,3
2021-03-08,2,6055,16028,40,2848,1781,11422,83,5228,9073,12890,3
2021-03-09,2,6089,16102,42,2857,1790,11481,83,5256,9130,12942,3
2021-03-10,2,6111,16170,42,2866,1801,11536,83,5274,9168,12992,3
2021-03-11,2,6137,16238,42,2886,1809,11581,83,5296,9206,13048,3
2021-03-12,2,6150,16264,42,2894,1814,11602,83,5302,9222,13071,3
2021-03-13,2,6170,16297,42,2903,1818,11628,83,5315,9237,13081,3
2021-03-14,2,6170,16298,42,2903,1818,11627,83,5318,9236,13083,3
2021-03-15,2,6182,16330,42,2912,1823,11669,83,5344,9264,13120,3
2021-03-16,3,6196,16374,42,2931,1837,11754,83,5379,9280,13163,3
2021-03-17,3,6228,16427,42,2939,1841,11804,83,5401,9318,13208,3
2021-03-18,3,6248,16463,42,2945,1847,11843,83,5409,9347,13235,3
2021-03-19,3,6264,16502,42,2950,1855,11872,83,5423,9369,13267,3
2021-03-20,3,6269,16519,42,2951,1856,11885,83,5431,9378,13280,3
2021-03-21,3,6272,16525,42,2953,1857,11886,83,5433,9382,13285,3
2021-03-22,3,6299,16554,42,2959,1862,11923,83,5441,9402,13321,3
2021-03-23,4,6317,16615,42,2974,1866,11973,83,5454,9432,13371,3
2021-03-24,4,6330,16657,42,2978,1870,12000,83,5469,9459,13399,3
2021-03-25,4,6343,16677,42,2980,1871,12017,83,5482,9476,13414,3
2021-03-26,4,6353,16689,42,2982,1872,12029,83,5486,9481,13430,3
2021-03-27,4,6352,16689,42,2982,1872,12028,83,5486,9479,13431,3
2021-03-28,4,6355,16693,42,2982,1873,12032,83,5488,9481,13436,3
2021-03-29,4,6365,16709,42,2983,1875,12045,83,5496,9492,13451,3
2021-03-30,4,6374,16732,42,2983,1876,12070,83,5500,9502,13473,3
2021-03-31,4,6365,16709,42,2983,1875,12045,83,5496,9492,13451,3
2021-04-01,4,6395,16800,41,3001,1887,12146,83,5508,9539,13529,3
2021-04-02,4,6406,16827,41,3017,1893,12179,83,5501,9557,13549,3
2021-04-03,4,6405,16828,41,3050,1900,12197,83,5498,9558,13548,3
2021-04-04,4,6406,16828,41,3063,1903,12214,83,5482,9560,13547,3
2021-04-05,4,6413,16837,41,3069,1906,12228,83,5482,9564,13558,3
2021-04-06,4,6426,16868,41,3076,1912,12249,83,5491,9581,13585,3
2021-04-07,4,6435,16903,41,3088,1917,12283,83,5498,9610,13600,3
2021-04-08,5,6447,16931,42,3132,1936,12325,83,5495,9626,13625,3
2021-04-09,5,6462,16952,42,3154,1944,12346,83,5501,9638,13649,3
2021-04-10,5,6467,16957,44,3174,1948,12377,83,5497,9644,13653,3
2021-04-11,5,6469,16957,45,3191,1954,12386,83,5491,9644,13655,3
2021-04-12,5,6472,16973,45,3199,1955,12405,83,5492,9658,13660,3
2021-04-13,5,6483,17015,45,3220,1959,12448,83,5499,9683,13689,4
2021-04-14,5,6492,17021,46,3226,1963,12468,83,5492,9689,13698,4
2021-04-15,5,6500,17051,47,3235,1968,12492,83,5496,9708,13717,4
2021-04-16,5,6510,17066,47,3237,1970,12510,83,5498,9714,13734,4
2021-04-17,5,6522,17090,47,3244,1976,12531,83,5506,9714,13731,4
2021-04-18,5,6524,17106,47,3247,1977,12539,83,5512,9721,13742,4
2021-04-19,5,6530,17127,47,3252,1980,12555,83,5515,9734,13756,4
2021-04-20,5,6541,17150,47,3260,1986,12564,83,5524,9749,13774,4
2021-04-21,5,6551,17174,47,3261,1989,12588,83,5529,9765,13792,4
2021-04-22,5,6552,17196,47,3263,1990,12598,83,5538,9780,13800,4
2021-04-23,5,6559,17205,47,3264,1993,12609,83,5541,9785,13811,4
2021-04-24,5,6559,17202,47,3263,1993,12608,83,5540,9786,13807,4
2021-04-25,5,6560,17204,47,3263,1995,12610,83,5540,9789,13808,4
2021-04-26,5,6562,17225,47,3267,1998,12619,83,5546,9799,13820,4
2021-04-27,5,6571,17243,47,3270,2000,12629,83,5557,9807,13839,4
2021-04-28,5,6580,17276,47,3275,2002,12649,83,5572,9817,13867,4
2021-04-29,5,6585,17288,47,3279,2004,12657,83,5578,9823,13879,4
2021-04-30,5,6590,17302,47,3283,2005,12663,83,5586,9836,13888,4
2021-05-01,5,6594,17308,47,3283,2005,12669,83,5589,9839,13892,4
2021-05-02,5,6593,17308,47,3283,2005,12668,83,5589,9839,13892,4
2021-05-03,5,6597,17321,47,3284,2008,12677,83,5591,9845,13901,4
2021-05-04,5,6601,17335,47,3288,2008,12688,83,5593,9851,13913,4
2021-05-05,5,6601,17335,47,3288,2008,12688,83,5593,9851,13913,4
2021-05-06,5,6608,17361,47,3289,2011,12708,83,5602,9862,13934,4
2021-05-07,5,6611,17372,47,3291,2016,12710,83,5606,9869,13941,4
2021-05-08,5,6611,17376,47,3291,2016,12711,83,5609,9871,13943,4
2021-05-09,5,6612,17379,47,3293,2016,12713,83,5609,9872,13946,4
2021-05-10,5,6615,17393,47,3292,2018,12725,83,5611,9878,13957,4
2021-05-11,5,6623,17405,47,3290,2019,12740,83,5616,9885,13970,4
2021-05-12,5,6629,17415,47,3291,2021,12750,83,5620,9893,13978,4
2021-05-13,5,6632,17429,47,3295,2022,12760,83,5624,9899,13989,4
2021-05-14,5,6635,17440,47,3297,2023,12769,83,5626,9903,13999,4
2021-05-15,5,6636,17444,47,3298,2023,12771,83,5628,9906,14001,4
2021-05-16,5,6636,17447,47,3298,2023,12773,83,5629,9908,14002,4
2021-05-17,5,6639,17453,47,3299,2025,12776,83,5632,9913,14005,4
2021-05-18,5,6643,17460,47,3298,2027,12781,83,5636,9920,14010,4
2021-05-19,5,6648,17478,47,3300,2032,12792,83,5641,9933,14020,4
2021-05-20,5,6656,17486,47,3302,2033,12803,83,5643,9942,14023,4
2021-05-21,5,6663,17492,47,3304,2034,12810,83,5639,9950,14028,4
2021-05-22,5,6664,17496,47,3305,2035,12814,83,5638,9952,14031,4
2021-05-23,5,6665,17499,47,3305,2036,12817,83,5638,9953,14034,4
2021-05-24,5,6667,17506,47,3306,2041,12820,83,5640,9956,14040,4
2021-05-25,5,6667,17514,47,3307,2048,12827,83,5653,9962,14045,4
2021-05-26,5,6690,17617,48,3325,2063,12882,84,5687,10008,14125,4
2021-05-27,5,6695,17622,48,3326,2064,12889,85,5689,10015,14128,4
2021-05-28,5,6697,17625,49,3327,2063,12890,86,5690,10015,14133,4
2021-05-29,5,6698,17625,49,3328,2064,12890,86,5689,10014,14135,4
2021-05-30,5,6699,17628,49,3331,2064,12891,86,5689,10016,14137,4
2021-05-31,5,6700,17630,49,3332,2064,12894,86,5688,10017,14139,4
2021-06-01,5,6704,17634,49,3333,2067,12896,86,5690,10020,14144,4
2021-06-02,5,6708,17640,49,3335,2068,12904,86,5692,10022,14152,4
2021-06-03,5,6713,17649,49,3338,2069,12907,86,5699,10029,14159,4
2021-06-04,5,6714,17658,49,3340,2069,12910,86,5704,10033,14165,4
2021-06-05,5,6714,17658,49,3340,2069,12910,86,5704,10033,14165,4
2021-06-06,5,6715,17660,49,3340,2070,12911,86,5705,10035,14166,4
2021-06-07,5,6719,17668,49,3341,2074,12914,86,5710,10043,14169,4
2021-06-08,5,6721,17670,49,3341,2074,12917,86,5714,10045,14171,4
2021-06-09,5,6722,17676,51,3338,2077,12929,87,5708,10044,14173,4
2021-06-10,5,6722,17676,51,3338,2077,12929,87,5708,10044,14173,4
2021-06-11,5,6722,17676,51,3338,2077,12929,87,5708,10044,14173,4
2021-06-12,5,6725,17678,51,3338,2080,12929,87,5710,10046,14176,4